Match No.,Venue,1st Team,2nd Team,Toss Winning,Toss Decision,First Innings Score,Fall of wickets First Innings,Second Innings Score,Winners,Highest Score,Player Of The Match
1st,"Grand Prairie Stadium, Dallas",Canada,United State Of America,United State Of America,Fielding,194,5,197,United State Of America,94,Aaron Jones
2nd,"Providence Stadium, Guyana",Papua New Guinea,Afghanistan,Afghanistan,Fielding,95,10,101,Afghanistan,49,Fazalhaq Farooqi
3rd,"Kensington Oval, Bridgetown, Barbados",Oman,Namibia,Namibia,Fielding,109,10,109,Namibia,45,David Wiese
4th,"Nassau County International Cricket Stadium, New York",Sri Lanka,South Africa,Sri Lanka,Batting,77,10,80,South Africa,20,Anrich Nortje
5th,"Providence Stadium, Guyana",Afghanistan,Uganda,Uganda,Fielding,183,5,58,Afghanistan,76,Fazalhaq Farooqi
7th,"Grand Prairie Stadium, Dallas",Nepal,Netherlands,Netherlands,Fielding,106,10,109,Netherlands,54,Tim Pringle
8th,"Nassau County International Cricket Stadium, New York",Ireland,India,India,Fielding,96,10,97,India,52,Jasprit Bumrah
9th,"Providence Stadium, Guyana",Papua New Guinea,Uganda,Uganda,Fielding,77,10,78,Uganda,33,Riazat Ali Shah
10th,"Kensington Oval, Bridgetown, Barbados",Australia,Oman,Oman,Fielding,164,5,125,Australia,67,Marcus Stoinis
11th,"Grand Prairie Stadium, Dallas",Pakistan,United State Of America,United State Of America,Fielding,159,7,160,United State Of America,50,Monank Patel
12th,"Kensington Oval, Bridgetown, Barbados",Namibia,Scotland,Namibia,Batting,155,9,157,Scotland,35,Michael Leask
13th,"Nassau County International Cricket Stadium, New York",Canada,Ireland,Ireland,Fielding,137,7,125,Canada,49,Nicholas Kirton
14th,"Providence Stadium, Guyana",Afghanistan,New Zealand,New Zealand,Fielding,159,6,75,Afghanistan,80,Rahmanullah Gurbaz
15th,"Grand Prairie Stadium, Dallas",Sri Lanka,Bangladesh,Bangladesh,Fielding,124,9,125,Bangladesh,47,Rishad Hossain
16th,"Nassau County International Cricket Stadium, New York",Netherlands,South Africa,South Africa,Fielding,103,9,106,South Africa,59,David Miller
17th,"Kensington Oval, Bridgetown, Barbados",Australia,England,England,Fielding,201,7,165,Australia,42,Adam Zampa
18th,"Providence Stadium, Guyana",West Indies,Uganda,West Indies,Batting,173,5,39,West Indies,44,Akeal Hosein
19th,"Nassau County International Cricket Stadium, New York",India,Pakistan,Pakistan,Fielding,119,10,113,India,42,Jasprit Bumrah
20th,"Sir Vivian Richards Stadium, North Sound, Antigua",Oman,Scotland,Oman,Batting,150,7,153,Scotland,31,Brandon McMullen
21th,"Nassau County International Cricket Stadium, New York",South Africa,Bangladesh,South Africa,Batting,113,6,109,South Africa,46,Heinrich Klaasen
22th,"Nassau County International Cricket Stadium, New York",Canada,Pakistan,Pakistan,Fielding,106,7,107,Pakistan,52,Mohammad Amir
24th,"Sir Vivian Richards Stadium, North Sound, Antigua",Namibia,Australia,Australia,Fielding,72,10,74,Australia,36,Adam Zampa
25th,"Nassau County International Cricket Stadium, New York",United State Of America,India,India,Fielding,110,8,111,India,50,Arshdeep Singh
26th,"Brian Lara Stadium, Tarouba, Trinidad",West Indies,New Zealand,New Zealand,Fielding,149,9,136,West Indies,68,Sherfane Rutherford
27th,"Arnos Vale Ground, Kingstown, St Vincent",Bangladesh,Netherlands,Netherlands,Fielding,159,5,134,Bangladesh,64,Shakib Al Hasan
28th,"Sir Vivian Richards Stadium, North Sound, Antigua",Oman,England,England,Fielding,47,10,50,England,24,Adil Rashid
29th,"Brian Lara Stadium, Tarouba, Trinidad",Papua New Guinea,Afghanistan,Afghanistan,Fielding,95,10,101,Afghanistan,49,Fazalhaq Farooqi
31th,"Arnos Vale Ground, Kingstown, St Vincent",South Africa,Nepal,Nepal,Fielding,115,7,114,South Africa,43,Tabraiz Shamsi
32th,"Brian Lara Stadium, Tarouba, Trinidad",Uganda,New Zealand,New Zealand,Fielding,40,10,41,New Zealand,22,Tim Southee
34th,"Sir Vivian Richards Stadium, North Sound, Antigua",England,Namibia,Namibia,Fielding,122,5,84,England,47,Harry Brook
35th,"Daren Sammy National Cricket Stadium, Gros Islet, St Lucia",Scotland,Australia,Australia,Fielding,180,5,186,Australia,59,Marcus Stoinis
36th,"Central Broward Regional Park Stadium Turf Ground, Lauderhill",Ireland,Pakistan,Pakistan,Fielding,106,9,111,Pakistan,32,Shaheen Shah Afridi
37th,"Arnos Vale Ground, Kingstown, St Vincent",Bangladesh,Nepal,Nepal,Fielding,106,10,85,Bangladesh,27,Tanzim Hasan Sakib
38th,"Daren Sammy National Cricket Stadium, Gros Islet, St Lucia",Sri Lanka,Netherlands,Netherlands,Fielding,201,6,118,Sri Lanka,46,Charith Asalanka
39th,"Brian Lara Stadium, Tarouba, Trinidad",Papua New Guinea,New Zealand,New Zealand,Fielding,78,10,79,New Zealand,35,Lockie Ferguson
40th,"Daren Sammy National Cricket Stadium, Gros Islet, St Lucia",West Indies,Afghanistan,Afghanistan,Fielding,218,5,114,West Indies,98,Nicholas Pooran
41th,"Sir Vivian Richards Stadium, North Sound, Antigua",South Africa,United State Of America,United State Of America,Fielding,194,4,176,South Africa,74,Quinton de Kock
42th,"Daren Sammy National Cricket Stadium, Gros Islet, St Lucia",West Indies,England,England,Fielding,180,4,181,England,87,Phil Salt
43th,"Kensington Oval, Bridgetown, Barbados",India,Afghanistan,India,Batting,181,8,134,India,53,Suryakumar Yadav
44th,"Sir Vivian Richards Stadium, North Sound, Antigua",Bangladesh,Australia,Australia,Fielding,140,8,100,Australia,53,Pat Cummins
45th,"Daren Sammy National Cricket Stadium, Gros Islet, St Lucia",South Africa,England,England,Fielding,163,6,156,South Africa,65,Quinton de Kock
46th,"Kensington Oval, Bridgetown, Barbados",United State Of America,West Indies,West Indies,Fielding,128,10,130,West Indies,82,Roston Chase
47th,"Sir Vivian Richards Stadium, North Sound, Antigua",India,Bangladesh,Bangladesh,Fielding,196,5,146,India,50,Hardik Pandya
48th,"Arnos Vale Ground, Kingstown, St Vincent",Afghanistan,Australia,Australia,Fielding,148,6,127,Afghanistan,60,Gulbadin Naib
49th,"Kensington Oval, Bridgetown, Barbados",United State Of America,England,England,Fielding,115,10,117,England,83,Adil Rashid
50th,"Sir Vivian Richards Stadium, North Sound, Antigua",West Indies,South Africa,South Africa,Fielding,135,8,124,South Africa,52,Tabraiz Shamsi
51th,"Daren Sammy National Cricket Stadium, Gros Islet, St Lucia",India,Australia,Australia,Fielding,205,5,181,India,92,Rohit Sharma
52th,"Arnos Vale Ground, Kingstown, St Vincent",Afghanistan,Bangladesh,Afghanistan,Batting,115,5,105,Afghanistan,54,Naveen-ul-Haq
53th,"Brian Lara Stadium, Tarouba, Trinidad",Afghanistan,South Africa,Afghanistan,Batting,56,10,60,South Africa,29,Marco Jansen
54th,"Providence Stadium, Guyana",India,England,England,Fielding,141,7,103,India,57,Axar Patel
55th,"Kensington Oval, Bridgetown, Barbados",India,South Africa,India,Batting,176,7,169,India,76,Virat Kohli
